Piloto_ID,Piloto,Numero_Carreras,Puntos_Totales,Puntos_Promedio
1,Hamilton,356,4820.5,13.540730337078651
4,Alonso,404,2329.0,5.764851485148514
20,Vettel,300,3098.0,10.326666666666666
30,Schumacher,308,1566.0,5.084415584415584
