driverId,surname,Numero_Carreras,Puntos_Totales,Puntos_Promedio,Carreras_Puntuadas,Porcentaje_Carreras_Puntuadas,Carreras_Mejora_Posición,Podios,Victorias,Poles,Abandonos,Posicion_Media_Salida,Posicion_Media_Final
1,Hamilton,356,4820.5,13.540730337078651,309,86.79775280898876,138,202,105,104,0.0,4.300561797752809,5.019662921348314
4,Alonso,404,2329.0,5.764851485148514,264,65.34653465346535,211,106,32,22,0.0,8.57920792079208,8.492574257425742
20,Vettel,300,3098.0,10.326666666666666,219,73.0,124,122,53,57,0.0,6.266666666666667,7.093333333333334
30,Schumacher,308,1566.0,5.084415584415584,221,71.75324675324676,141,155,91,68,0.0,4.866883116883117,6.87987012987013
